subject,story_id,age,att,rating,condition
1,S11,34,I don't know,1,by phrase (locative)
1,S19,34,I don't know,4,by phrase (locative)
1,S01,34,I don't know,0,temporal prep
1,S02,34,I don't know,4,locative prep
1,S13,34,I don't know,4,temporal prep
1,S04,34,I don't know,4,by phrase (agentive)
1,S08,34,I don't know,3,by phrase (agentive)
1,S18,34,I don't know,4,locative prep
1,S10,34,I don't know,4,locative prep
1,S20,34,I don't know,2,by phrase (agentive)
1,S12,34,I don't know,3,by phrase (agentive)
1,S16,34,I don't know,4,by phrase (agentive)
1,S03,34,I don't know,0,by phrase (locative)
1,S09,34,I don't know,4,temporal prep
1,S17,34,I don't know,3,temporal prep
1,S06,34,I don't know,2,locative prep
1,S15,34,I don't know,1,by phrase (locative)
1,S14,34,I don't know,4,locative prep
1,S05,34,I don't know,2,temporal prep
1,S07,34,I don't know,0,by phrase (locative)
2,S06,57,last,1,temporal prep
2,S07,57,last,3,locative prep
2,S17,57,last,2,by phrase (agentive)
2,S01,57,last,1,by phrase (agentive)
2,S16,57,last,2,by phrase (locative)
2,S13,57,last,4,by phrase (agentive)
2,S04,57,last,0,by phrase (locative)
2,S08,57,last,1,by phrase (locative)
2,S14,57,last,3,temporal prep
2,S20,57,last,4,by phrase (locative)
2,S18,57,last,4,temporal prep
2,S10,57,last,3,temporal prep
2,S19,57,last,4,locative prep
2,S02,57,last,2,temporal prep
2,S11,57,last,4,locative prep
2,S09,57,last,4,by phrase (agentive)
2,S12,57,last,0,by phrase (locative)
2,S03,57,last,1,locative prep
2,S05,57,last,3,by phrase (agentive)
2,S15,57,last,2,locative prep
3,S12,39,Apologize,2,temporal prep
3,S16,39,Apologize,1,temporal prep
3,S19,39,Apologize,1,by phrase (agentive)
3,S14,39,Apologize,1,by phrase (locative)
3,S10,39,Apologize,4,by phrase (locative)
3,S20,39,Apologize,1,temporal prep
3,S05,39,Apologize,4,locative prep
3,S08,39,Apologize,2,temporal prep
3,S04,39,Apologize,3,temporal prep
3,S03,39,Apologize,4,by phrase (agentive)
3,S07,39,Apologize,4,by phrase (agentive)
3,S18,39,Apologize,2,by phrase (locative)
3,S15,39,Apologize,3,by phrase (agentive)
3,S01,39,Apologize,4,locative prep
3,S06,39,Apologize,0,by phrase (locative)
3,S17,39,Apologize,3,locative prep
3,S11,39,Apologize,3,by phrase (agentive)
3,S13,39,Apologize,2,locative prep
3,S09,39,Apologize,4,locative prep
3,S02,39,Apologize,0,by phrase (locative)
4,S02,23,pushed,2,by phrase (agentive)
4,S15,23,pushed,4,temporal prep
4,S14,23,pushed,3,by phrase (agentive)
4,S03,23,pushed,4,temporal prep
4,S01,23,pushed,1,by phrase (locative)
4,S04,23,pushed,1,locative prep
4,S16,23,pushed,3,locative prep
4,S12,23,pushed,1,locative prep
4,S07,23,pushed,1,temporal prep
4,S18,23,pushed,4,by phrase (agentive)
4,S19,23,pushed,4,temporal prep
4,S10,23,pushed,2,by phrase (agentive)
4,S06,23,pushed,1,by phrase (agentive)
4,S11,23,pushed,3,temporal prep
4,S05,23,pushed,2,by phrase (locative)
4,S08,23,pushed,1,locative prep
4,S13,23,pushed,1,by phrase (locative)
4,S09,23,pushed,0,by phrase (locative)
4,S20,23,pushed,2,locative prep
4,S17,23,pushed,0,by phrase (locative)
5,S08,38,careless,1,by phrase (locative)
5,S01,38,careless,4,by phrase (agentive)
5,S06,38,careless,1,temporal prep
5,S14,38,careless,1,temporal prep
5,S05,38,careless,0,by phrase (agentive)
5,S17,38,careless,2,by phrase (agentive)
5,S12,38,careless,0,by phrase (locative)
5,S03,38,careless,3,locative prep
5,S18,38,careless,2,temporal prep
5,S13,38,careless,3,by phrase (agentive)
5,S16,38,careless,1,by phrase (locative)
5,S10,38,careless,2,temporal prep
5,S15,38,careless,3,locative prep
5,S20,38,careless,3,by phrase (locative)
5,S07,38,careless,4,locative prep
5,S09,38,careless,3,by phrase (agentive)
5,S04,38,careless,0,by phrase (locative)
5,S19,38,careless,3,locative prep
5,S02,38,careless,0,temporal prep
5,S11,38,careless,3,locative prep
6,S14,28,pushed,3,temporal prep
6,S07,28,pushed,2,locative prep
6,S17,28,pushed,3,by phrase (agentive)
6,S02,28,pushed,1,temporal prep
6,S01,28,pushed,4,by phrase (agentive)
6,S12,28,pushed,0,by phrase (locative)
6,S09,28,pushed,2,by phrase (agentive)
6,S18,28,pushed,3,temporal prep
6,S08,28,pushed,0,by phrase (locative)
6,S04,28,pushed,0,by phrase (locative)
6,S06,28,pushed,0,temporal prep
6,S19,28,pushed,3,locative prep
6,S10,28,pushed,1,temporal prep
6,S05,28,pushed,1,by phrase (agentive)
6,S03,28,pushed,4,locative prep
6,S11,28,pushed,2,locative prep
6,S13,28,pushed,3,by phrase (agentive)
6,S15,28,pushed,4,locative prep
6,S20,28,pushed,3,by phrase (locative)
6,S16,28,pushed,3,by phrase (locative)
7,S03,28,past,1,by phrase (agentive)
7,S16,28,past,1,temporal prep
7,S01,28,past,1,locative prep
7,S04,28,past,2,temporal prep
7,S17,28,past,1,locative prep
7,S11,28,past,4,by phrase (agentive)
7,S18,28,past,1,by phrase (locative)
7,S19,28,past,2,by phrase (agentive)
7,S14,28,past,1,by phrase (locative)
7,S15,28,past,4,by phrase (agentive)
7,S07,28,past,3,by phrase (agentive)
7,S02,28,past,0,by phrase (locative)
7,S05,28,past,0,locative prep
7,S10,28,past,0,by phrase (locative)
7,S06,28,past,0,by phrase (locative)
7,S13,28,past,1,locative prep
7,S20,28,past,3,temporal prep
7,S09,28,past,4,locative prep
7,S08,28,past,0,temporal prep
7,S12,28,past,1,temporal prep
8,S18,38,i don't know,2,by phrase (agentive)
8,S13,38,i don't know,1,by phrase (locative)
8,S06,38,i don't know,0,by phrase (agentive)
8,S02,38,i don't know,1,by phrase (agentive)
8,S04,38,i don't know,2,locative prep
8,S19,38,i don't know,1,temporal prep
8,S05,38,i don't know,2,by phrase (locative)
8,S08,38,i don't know,1,locative prep
8,S17,38,i don't know,1,by phrase (locative)
8,S16,38,i don't know,2,locative prep
8,S10,38,i don't know,2,by phrase (agentive)
8,S12,38,i don't know,2,locative prep
8,S20,38,i don't know,3,locative prep
8,S07,38,i don't know,3,temporal prep
8,S14,38,i don't know,2,by phrase (agentive)
8,S09,38,i don't know,1,by phrase (locative)
8,S11,38,i don't know,1,temporal prep
8,S03,38,i don't know,2,temporal prep
8,S01,38,i don't know,1,by phrase (locative)
8,S15,38,i don't know,2,temporal prep
9,S08,32,I don't know,1,by phrase (locative)
9,S13,32,I don't know,3,by phrase (agentive)
9,S07,32,I don't know,4,locative prep
9,S20,32,I don't know,3,by phrase (locative)
9,S11,32,I don't know,3,locative prep
9,S19,32,I don't know,4,locative prep
9,S01,32,I don't know,3,by phrase (agentive)
9,S17,32,I don't know,3,by phrase (agentive)
9,S06,32,I don't know,1,temporal prep
9,S14,32,I don't know,2,temporal prep
9,S16,32,I don't know,1,by phrase (locative)
9,S12,32,I don't know,3,by phrase (locative)
9,S04,32,I don't know,0,by phrase (locative)
9,S10,32,I don't know,1,temporal prep
9,S03,32,I don't know,3,locative prep
9,S09,32,I don't know,2,by phrase (agentive)
9,S05,32,I don't know,1,by phrase (agentive)
9,S15,32,I don't know,2,locative prep
9,S18,32,I don't know,2,temporal prep
9,S02,32,I don't know,1,temporal prep
10,S09,45,apologise,2,by phrase (agentive)
10,S08,45,apologise,2,by phrase (locative)
10,S16,45,apologise,3,by phrase (locative)
10,S01,45,apologise,1,by phrase (agentive)
10,S05,45,apologise,2,by phrase (agentive)
10,S10,45,apologise,2,temporal prep
10,S13,45,apologise,3,by phrase (agentive)
10,S18,45,apologise,3,temporal prep
10,S04,45,apologise,1,by phrase (locative)
10,S17,45,apologise,2,by phrase (agentive)
10,S07,45,apologise,2,locative prep
10,S12,45,apologise,1,by phrase (locative)
10,S20,45,apologise,3,by phrase (locative)
10,S19,45,apologise,4,locative prep
10,S15,45,apologise,1,locative prep
10,S14,45,apologise,2,temporal prep
10,S02,45,apologise,2,temporal prep
10,S11,45,apologise,2,locative prep
10,S03,45,apologise,3,locative prep
10,S06,45,apologise,1,temporal prep
11,S07,19,I don't know,2,by phrase (agentive)
11,S04,19,I don't know,1,temporal prep
11,S17,19,I don't know,4,locative prep
11,S11,19,I don't know,2,by phrase (agentive)
11,S06,19,I don't know,1,by phrase (locative)
11,S14,19,I don't know,1,by phrase (locative)
11,S08,19,I don't know,1,temporal prep
11,S10,19,I don't know,1,by phrase (locative)
11,S19,19,I don't know,4,by phrase (agentive)
11,S13,19,I don't know,3,locative prep
11,S15,19,I don't know,4,by phrase (agentive)
11,S09,19,I don't know,3,locative prep
11,S12,19,I don't know,2,temporal prep
11,S02,19,I don't know,1,by phrase (locative)
11,S16,19,I don't know,2,temporal prep
11,S18,19,I don't know,1,by phrase (locative)
11,S01,19,I don't know,2,locative prep
11,S03,19,I don't know,3,by phrase (agentive)
11,S20,19,I don't know,2,temporal prep
11,S05,19,I don't know,3,locative prep
12,S15,20,I don't know,2,by phrase (locative)
12,S14,20,I don't know,2,locative prep
12,S03,20,I don't know,1,by phrase (locative)
12,S09,20,I don't know,3,temporal prep
12,S04,20,I don't know,2,by phrase (agentive)
12,S08,20,I don't know,1,by phrase (agentive)
12,S20,20,I don't know,2,by phrase (agentive)
12,S12,20,I don't know,3,by phrase (agentive)
12,S13,20,I don't know,3,temporal prep
12,S06,20,I don't know,1,locative prep
12,S10,20,I don't know,2,locative prep
12,S02,20,I don't know,2,locative prep
12,S18,20,I don't know,1,locative prep
12,S11,20,I don't know,1,by phrase (locative)
12,S01,20,I don't know,3,temporal prep
12,S05,20,I don't know,2,temporal prep
12,S19,20,I don't know,2,by phrase (locative)
12,S07,20,I don't know,1,by phrase (locative)
12,S16,20,I don't know,3,by phrase (agentive)
12,S17,20,I don't know,2,temporal prep
13,S08,28,later,2,by phrase (agentive)
13,S19,28,later,4,by phrase (locative)
13,S09,28,later,4,temporal prep
13,S20,28,later,4,by phrase (agentive)
13,S17,28,later,2,temporal prep
13,S16,28,later,2,by phrase (agentive)
13,S05,28,later,1,temporal prep
13,S18,28,later,1,locative prep
13,S04,28,later,1,by phrase (agentive)
13,S13,28,later,1,temporal prep
13,S15,28,later,1,by phrase (locative)
13,S06,28,later,1,locative prep
13,S10,28,later,2,locative prep
13,S12,28,later,3,by phrase (agentive)
13,S14,28,later,1,locative prep
13,S07,28,later,0,by phrase (locative)
13,S11,28,later,0,by phrase (locative)
13,S01,28,later,4,temporal prep
13,S03,28,later,0,by phrase (locative)
13,S02,28,later,1,locative prep
14,S14,27,I don't know,4,by phrase (locative)
14,S15,27,I don't know,4,by phrase (agentive)
14,S02,27,I don't know,1,by phrase (locative)
14,S10,27,I don't know,1,by phrase (locative)
14,S16,27,I don't know,2,temporal prep
14,S20,27,I don't know,3,temporal prep
14,S19,27,I don't know,2,by phrase (agentive)
14,S11,27,I don't know,0,by phrase (agentive)
14,S17,27,I don't know,4,locative prep
14,S03,27,I don't know,2,by phrase (agentive)
14,S06,27,I don't know,0,by phrase (locative)
14,S04,27,I don't know,0,temporal prep
14,S07,27,I don't know,4,by phrase (agentive)
14,S12,27,I don't know,3,temporal prep
14,S09,27,I don't know,4,locative prep
14,S13,27,I don't know,4,locative prep
14,S18,27,I don't know,2,by phrase (locative)
14,S08,27,I don't know,0,temporal prep
14,S01,27,I don't know,4,locative prep
14,S05,27,I don't know,2,locative prep
15,S18,22,later,3,temporal prep
15,S08,22,later,1,by phrase (locative)
15,S09,22,later,3,by phrase (agentive)
15,S12,22,later,1,by phrase (locative)
15,S10,22,later,4,temporal prep
15,S02,22,later,3,temporal prep
15,S14,22,later,2,temporal prep
15,S16,22,later,1,by phrase (locative)
15,S07,22,later,4,locative prep
15,S03,22,later,1,locative prep
15,S17,22,later,1,by phrase (agentive)
15,S13,22,later,4,by phrase (agentive)
15,S15,22,later,4,locative prep
15,S05,22,later,2,by phrase (agentive)
15,S01,22,later,2,by phrase (agentive)
15,S06,22,later,1,temporal prep
15,S04,22,later,4,by phrase (locative)
15,S19,22,later,4,locative prep
15,S20,22,later,1,by phrase (locative)
15,S11,22,later,4,locative prep
16,S13,33,Forced,1,by phrase (locative)
16,S04,33,Forced,3,locative prep
16,S15,33,Forced,4,temporal prep
16,S05,33,Forced,2,by phrase (locative)
16,S18,33,Forced,4,by phrase (agentive)
16,S12,33,Forced,3,locative prep
16,S07,33,Forced,3,temporal prep
16,S06,33,Forced,1,by phrase (agentive)
16,S14,33,Forced,1,by phrase (agentive)
16,S08,33,Forced,3,locative prep
16,S20,33,Forced,2,locative prep
16,S16,33,Forced,3,locative prep
16,S09,33,Forced,0,by phrase (locative)
16,S10,33,Forced,4,by phrase (agentive)
16,S01,33,Forced,0,by phrase (locative)
16,S11,33,Forced,4,temporal prep
16,S17,33,Forced,1,by phrase (locative)
16,S19,33,Forced,4,temporal prep
16,S02,33,Forced,1,by phrase (agentive)
16,S03,33,Forced,4,temporal prep
17,S07,22,asked,2,by phrase (agentive)
17,S18,22,asked,3,by phrase (locative)
17,S10,22,asked,0,by phrase (locative)
17,S19,22,asked,3,by phrase (agentive)
17,S09,22,asked,4,locative prep
17,S14,22,asked,4,by phrase (locative)
17,S12,22,asked,2,temporal prep
17,S03,22,asked,4,by phrase (agentive)
17,S17,22,asked,2,locative prep
17,S15,22,asked,4,by phrase (agentive)
17,S11,22,asked,3,by phrase (agentive)
17,S02,22,asked,0,by phrase (locative)
17,S01,22,asked,4,locative prep
17,S05,22,asked,3,locative prep
17,S16,22,asked,2,temporal prep
17,S04,22,asked,3,temporal prep
17,S08,22,asked,0,temporal prep
17,S13,22,asked,4,locative prep
17,S06,22,asked,0,by phrase (locative)
17,S20,22,asked,2,temporal prep
18,S04,24,heard,1,locative prep
18,S08,24,heard,0,locative prep
18,S19,24,heard,3,temporal prep
18,S02,24,heard,1,by phrase (agentive)
18,S09,24,heard,3,by phrase (locative)
18,S06,24,heard,0,by phrase (agentive)
18,S16,24,heard,2,locative prep
18,S20,24,heard,1,locative prep
18,S14,24,heard,3,by phrase (agentive)
18,S05,24,heard,1,by phrase (locative)
18,S17,24,heard,1,by phrase (locative)
18,S03,24,heard,3,temporal prep
18,S07,24,heard,3,temporal prep
18,S10,24,heard,2,by phrase (agentive)
18,S11,24,heard,2,temporal prep
18,S18,24,heard,0,by phrase (agentive)
18,S01,24,heard,0,by phrase (locative)
18,S12,24,heard,2,locative prep
18,S13,24,heard,0,by phrase (locative)
18,S15,24,heard,3,temporal prep
19,S05,38,inattentive,2,locative prep
19,S16,38,inattentive,1,temporal prep
19,S01,38,inattentive,4,locative prep
19,S13,38,inattentive,3,locative prep
19,S19,38,inattentive,4,by phrase (agentive)
19,S12,38,inattentive,3,temporal prep
19,S03,38,inattentive,4,by phrase (agentive)
19,S15,38,inattentive,2,by phrase (agentive)
19,S06,38,inattentive,1,by phrase (locative)
19,S20,38,inattentive,2,temporal prep
19,S09,38,inattentive,4,locative prep
19,S08,38,inattentive,1,temporal prep
19,S14,38,inattentive,1,by phrase (locative)
19,S11,38,inattentive,4,by phrase (agentive)
19,S17,38,inattentive,4,locative prep
19,S18,38,inattentive,2,by phrase (locative)
19,S02,38,inattentive,0,by phrase (locative)
19,S10,38,inattentive,1,by phrase (locative)
19,S04,38,inattentive,2,temporal prep
19,S07,38,inattentive,4,by phrase (agentive)
20,S18,20,I don't know,4,by phrase (agentive)
20,S07,20,I don't know,3,temporal prep
20,S13,20,I don't know,2,by phrase (locative)
20,S04,20,I don't know,2,locative prep
20,S03,20,I don't know,4,temporal prep
20,S08,20,I don't know,0,locative prep
20,S06,20,I don't know,0,by phrase (agentive)
20,S10,20,I don't know,4,by phrase (agentive)
20,S01,20,I don't know,1,by phrase (locative)
20,S17,20,I don't know,1,by phrase (locative)
20,S09,20,I don't know,1,by phrase (locative)
20,S05,20,I don't know,1,by phrase (locative)
20,S11,20,I don't know,3,temporal prep
20,S02,20,I don't know,2,by phrase (agentive)
20,S15,20,I don't know,4,temporal prep
20,S16,20,I don't know,3,locative prep
20,S12,20,I don't know,0,locative prep
20,S20,20,I don't know,4,locative prep
20,S14,20,I don't know,4,by phrase (agentive)
20,S19,20,I don't know,4,temporal prep
21,S05,28,Careful,3,locative prep
21,S01,28,Careful,2,locative prep
21,S19,28,Careful,4,by phrase (agentive)
21,S11,28,Careful,4,by phrase (agentive)
21,S07,28,Careful,2,by phrase (agentive)
21,S09,28,Careful,1,locative prep
21,S03,28,Careful,1,by phrase (agentive)
21,S12,28,Careful,1,temporal prep
21,S06,28,Careful,1,by phrase (locative)
21,S04,28,Careful,1,temporal prep
21,S20,28,Careful,4,temporal prep
21,S15,28,Careful,3,by phrase (agentive)
21,S18,28,Careful,2,by phrase (locative)
21,S17,28,Careful,2,locative prep
21,S13,28,Careful,2,locative prep
21,S08,28,Careful,1,temporal prep
21,S16,28,Careful,1,temporal prep
21,S02,28,Careful,1,by phrase (locative)
21,S10,28,Careful,1,by phrase (locative)
21,S14,28,Careful,1,by phrase (locative)
22,S17,26,apologize,4,by phrase (locative)
22,S02,26,apologize,3,by phrase (agentive)
22,S16,26,apologize,2,locative prep
22,S05,26,apologize,1,by phrase (locative)
22,S14,26,apologize,3,by phrase (agentive)
22,S01,26,apologize,0,by phrase (locative)
22,S10,26,apologize,3,by phrase (agentive)
22,S07,26,apologize,3,temporal prep
22,S18,26,apologize,0,by phrase (agentive)
22,S08,26,apologize,2,locative prep
22,S09,26,apologize,0,by phrase (locative)
22,S13,26,apologize,0,by phrase (locative)
22,S04,26,apologize,1,locative prep
22,S03,26,apologize,3,temporal prep
22,S15,26,apologize,2,temporal prep
22,S11,26,apologize,2,temporal prep
22,S19,26,apologize,4,temporal prep
22,S12,26,apologize,2,locative prep
22,S20,26,apologize,2,locative prep
22,S06,26,apologize,0,by phrase (agentive)
23,S06,20,Less,0,locative prep
23,S01,20,Less,1,temporal prep
23,S19,20,Less,4,by phrase (locative)
23,S14,20,Less,4,locative prep
23,S16,20,Less,4,by phrase (agentive)
23,S11,20,Less,2,by phrase (locative)
23,S10,20,Less,3,locative prep
23,S17,20,Less,2,temporal prep
23,S07,20,Less,1,by phrase (locative)
23,S20,20,Less,2,by phrase (agentive)
23,S15,20,Less,2,by phrase (locative)
23,S05,20,Less,3,temporal prep
23,S02,20,Less,3,locative prep
23,S12,20,Less,3,by phrase (agentive)
23,S13,20,Less,3,temporal prep
23,S04,20,Less,2,by phrase (agentive)
23,S08,20,Less,1,by phrase (agentive)
23,S09,20,Less,2,temporal prep
23,S03,20,Less,1,by phrase (locative)
23,S18,20,Less,2,locative prep
24,S20,25,hurried,3,by phrase (agentive)
24,S02,25,hurried,3,locative prep
24,S04,25,hurried,1,by phrase (agentive)
24,S15,25,hurried,0,by phrase (locative)
24,S05,25,hurried,3,temporal prep
24,S12,25,hurried,4,by phrase (agentive)
24,S18,25,hurried,4,locative prep
24,S17,25,hurried,3,temporal prep
24,S06,25,hurried,1,locative prep
24,S07,25,hurried,0,by phrase (locative)
24,S01,25,hurried,3,temporal prep
24,S16,25,hurried,3,by phrase (agentive)
24,S03,25,hurried,0,by phrase (locative)
24,S13,25,hurried,4,temporal prep
24,S10,25,hurried,3,locative prep
24,S11,25,hurried,1,by phrase (locative)
24,S08,25,hurried,1,by phrase (agentive)
24,S19,25,hurried,3,by phrase (locative)
24,S09,25,hurried,4,temporal prep
24,S14,25,hurried,3,locative prep
25,S08,47,Last,1,locative prep
25,S01,47,Last,1,by phrase (locative)
25,S05,47,Last,2,by phrase (locative)
25,S13,47,Last,4,by phrase (locative)
25,S12,47,Last,2,locative prep
25,S16,47,Last,2,locative prep
25,S14,47,Last,1,by phrase (agentive)
25,S09,47,Last,2,by phrase (locative)
25,S03,47,Last,4,temporal prep
25,S11,47,Last,3,temporal prep
25,S04,47,Last,2,locative prep
25,S15,47,Last,2,temporal prep
25,S02,47,Last,1,by phrase (agentive)
25,S07,47,Last,1,temporal prep
25,S19,47,Last,3,temporal prep
25,S20,47,Last,2,locative prep
25,S18,47,Last,2,by phrase (agentive)
25,S10,47,Last,3,by phrase (agentive)
25,S17,47,Last,2,by phrase (locative)
25,S06,47,Last,1,by phrase (agentive)
26,S20,43,I don't know.,2,locative prep
26,S19,43,I don't know.,2,temporal prep
26,S16,43,I don't know.,2,locative prep
26,S12,43,I don't know.,3,locative prep
26,S07,43,I don't know.,1,temporal prep
26,S03,43,I don't know.,3,temporal prep
26,S01,43,I don't know.,2,by phrase (locative)
26,S11,43,I don't know.,1,temporal prep
26,S17,43,I don't know.,3,by phrase (locative)
26,S04,43,I don't know.,2,locative prep
26,S13,43,I don't know.,1,by phrase (locative)
26,S05,43,I don't know.,2,by phrase (locative)
26,S08,43,I don't know.,1,locative prep
26,S06,43,I don't know.,3,by phrase (agentive)
26,S02,43,I don't know.,2,by phrase (agentive)
26,S14,43,I don't know.,1,by phrase (agentive)
26,S15,43,I don't know.,2,temporal prep
26,S18,43,I don't know.,3,by phrase (agentive)
26,S09,43,I don't know.,1,by phrase (locative)
26,S10,43,I don't know.,2,by phrase (agentive)
27,S08,57,apologize,3,by phrase (agentive)
27,S16,57,apologize,2,by phrase (agentive)
27,S01,57,apologize,3,temporal prep
27,S06,57,apologize,1,locative prep
27,S05,57,apologize,3,temporal prep
27,S18,57,apologize,4,locative prep
27,S17,57,apologize,4,temporal prep
27,S09,57,apologize,3,temporal prep
27,S04,57,apologize,1,by phrase (agentive)
27,S15,57,apologize,2,by phrase (locative)
27,S11,57,apologize,1,by phrase (locative)
27,S02,57,apologize,2,locative prep
27,S13,57,apologize,4,temporal prep
27,S07,57,apologize,1,by phrase (locative)
27,S10,57,apologize,2,locative prep
27,S19,57,apologize,4,by phrase (locative)
27,S20,57,apologize,4,by phrase (agentive)
27,S12,57,apologize,1,by phrase (agentive)
27,S14,57,apologize,3,locative prep
27,S03,57,apologize,1,by phrase (locative)
28,S15,25,Later,4,by phrase (locative)
28,S01,25,Later,2,temporal prep
28,S12,25,Later,1,by phrase (agentive)
28,S17,25,Later,1,temporal prep
28,S16,25,Later,3,by phrase (agentive)
28,S09,25,Later,1,temporal prep
28,S11,25,Later,1,by phrase (locative)
28,S06,25,Later,1,locative prep
28,S07,25,Later,1,by phrase (locative)
28,S18,25,Later,3,locative prep
28,S05,25,Later,1,temporal prep
28,S03,25,Later,1,by phrase (locative)
28,S08,25,Later,1,by phrase (agentive)
28,S20,25,Later,1,by phrase (agentive)
28,S19,25,Later,4,by phrase (locative)
28,S02,25,Later,3,locative prep
28,S14,25,Later,1,locative prep
28,S13,25,Later,2,temporal prep
28,S10,25,Later,3,locative prep
28,S04,25,Later,1,by phrase (agentive)
29,S05,35,Apologized,4,temporal prep
29,S09,35,Apologized,4,temporal prep
29,S07,35,Apologized,1,by phrase (locative)
29,S03,35,Apologized,1,by phrase (locative)
29,S17,35,Apologized,2,temporal prep
29,S11,35,Apologized,1,by phrase (locative)
29,S20,35,Apologized,4,by phrase (agentive)
29,S19,35,Apologized,4,by phrase (locative)
29,S08,35,Apologized,4,by phrase (agentive)
29,S10,35,Apologized,4,locative prep
29,S04,35,Apologized,4,by phrase (agentive)
29,S02,35,Apologized,4,locative prep
29,S15,35,Apologized,1,by phrase (locative)
29,S12,35,Apologized,4,by phrase (agentive)
29,S18,35,Apologized,4,locative prep
29,S01,35,Apologized,4,temporal prep
29,S13,35,Apologized,4,temporal prep
29,S16,35,Apologized,4,by phrase (agentive)
29,S06,35,Apologized,4,locative prep
29,S14,35,Apologized,1,locative prep
30,S12,43,apologize,2,by phrase (locative)
30,S03,43,apologize,3,locative prep
30,S17,43,apologize,1,by phrase (agentive)
30,S05,43,apologize,2,by phrase (agentive)
30,S07,43,apologize,3,locative prep
30,S16,43,apologize,3,by phrase (locative)
30,S09,43,apologize,2,by phrase (agentive)
30,S20,43,apologize,4,by phrase (locative)
30,S11,43,apologize,2,locative prep
30,S14,43,apologize,1,temporal prep
30,S04,43,apologize,1,by phrase (locative)
30,S13,43,apologize,4,by phrase (agentive)
30,S02,43,apologize,1,temporal prep
30,S10,43,apologize,3,temporal prep
30,S19,43,apologize,3,locative prep
30,S15,43,apologize,3,locative prep
30,S06,43,apologize,1,temporal prep
30,S08,43,apologize,1,by phrase (locative)
30,S01,43,apologize,3,by phrase (agentive)
30,S18,43,apologize,2,temporal prep
31,S06,46,I don't know,0,by phrase (locative)
31,S08,46,I don't know,3,temporal prep
31,S19,46,I don't know,4,by phrase (agentive)
31,S03,46,I don't know,2,by phrase (agentive)
31,S14,46,I don't know,0,by phrase (locative)
31,S17,46,I don't know,4,locative prep
31,S07,46,I don't know,3,by phrase (agentive)
31,S15,46,I don't know,2,by phrase (agentive)
31,S11,46,I don't know,4,by phrase (agentive)
31,S10,46,I don't know,0,by phrase (locative)
31,S20,46,I don't know,3,temporal prep
31,S16,46,I don't know,4,temporal prep
31,S01,46,I don't know,4,locative prep
31,S09,46,I don't know,4,locative prep
31,S13,46,I don't know,3,locative prep
31,S18,46,I don't know,0,by phrase (locative)
31,S04,46,I don't know,3,temporal prep
31,S12,46,I don't know,2,temporal prep
31,S05,46,I don't know,1,locative prep
31,S02,46,I don't know,0,by phrase (locative)
32,S05,29,found,2,locative prep
32,S13,29,found,4,locative prep
32,S20,29,found,1,temporal prep
32,S12,29,found,2,temporal prep
32,S19,29,found,1,by phrase (agentive)
32,S07,29,found,4,by phrase (agentive)
32,S09,29,found,4,locative prep
32,S04,29,found,2,temporal prep
32,S15,29,found,3,by phrase (agentive)
32,S06,29,found,1,by phrase (locative)
32,S18,29,found,1,by phrase (locative)
32,S03,29,found,4,by phrase (agentive)
32,S02,29,found,1,by phrase (locative)
32,S16,29,found,1,temporal prep
32,S17,29,found,1,locative prep
32,S08,29,found,1,temporal prep
32,S01,29,found,4,locative prep
32,S11,29,found,4,by phrase (agentive)
32,S14,29,found,1,by phrase (locative)
32,S10,29,found,3,by phrase (locative)
33,S08,34,i dont know,2,by phrase (locative)
33,S07,34,i dont know,1,locative prep
33,S11,34,i dont know,2,locative prep
33,S09,34,i dont know,2,by phrase (agentive)
33,S18,34,i dont know,2,temporal prep
33,S10,34,i dont know,2,temporal prep
33,S20,34,i dont know,2,by phrase (locative)
33,S12,34,i dont know,2,by phrase (locative)
33,S17,34,i dont know,2,by phrase (agentive)
33,S13,34,i dont know,2,by phrase (agentive)
33,S03,34,i dont know,2,locative prep
33,S01,34,i dont know,2,by phrase (agentive)
33,S19,34,i dont know,2,locative prep
33,S15,34,i dont know,2,locative prep
33,S02,34,i dont know,2,temporal prep
33,S04,34,i dont know,2,by phrase (locative)
33,S16,34,i dont know,2,by phrase (locative)
33,S05,34,i dont know,2,by phrase (agentive)
33,S14,34,i dont know,2,temporal prep
33,S06,34,i dont know,2,temporal prep
34,S06,43,more,4,by phrase (agentive)
34,S17,43,more,1,by phrase (locative)
34,S07,43,more,1,temporal prep
34,S16,43,more,1,locative prep
34,S15,43,more,4,temporal prep
34,S05,43,more,3,by phrase (locative)
34,S10,43,more,4,by phrase (agentive)
34,S02,43,more,4,by phrase (agentive)
34,S11,43,more,1,temporal prep
34,S08,43,more,1,locative prep
34,S04,43,more,4,locative prep
34,S14,43,more,4,by phrase (agentive)
34,S01,43,more,0,by phrase (locative)
34,S09,43,more,0,by phrase (locative)
34,S13,43,more,2,by phrase (locative)
34,S03,43,more,4,temporal prep
34,S12,43,more,4,locative prep
34,S19,43,more,2,temporal prep
34,S20,43,more,1,locative prep
34,S18,43,more,4,by phrase (agentive)
35,S10,41,heard,3,temporal prep
35,S01,41,heard,3,by phrase (agentive)
35,S15,41,heard,4,locative prep
35,S14,41,heard,1,temporal prep
35,S20,41,heard,2,by phrase (locative)
35,S16,41,heard,2,by phrase (locative)
35,S18,41,heard,2,temporal prep
35,S02,41,heard,1,temporal prep
35,S07,41,heard,3,locative prep
35,S03,41,heard,3,locative prep
35,S08,41,heard,1,by phrase (locative)
35,S12,41,heard,1,by phrase (locative)
35,S05,41,heard,3,by phrase (agentive)
35,S06,41,heard,1,temporal prep
35,S11,41,heard,3,locative prep
35,S09,41,heard,4,by phrase (agentive)
35,S13,41,heard,3,by phrase (agentive)
35,S04,41,heard,1,by phrase (locative)
35,S19,41,heard,4,locative prep
35,S17,41,heard,4,by phrase (agentive)
36,S10,53,asked,3,by phrase (agentive)
36,S03,53,asked,4,temporal prep
36,S11,53,asked,4,temporal prep
36,S20,53,asked,4,locative prep
36,S08,53,asked,0,locative prep
36,S07,53,asked,4,temporal prep
36,S06,53,asked,3,by phrase (agentive)
36,S14,53,asked,4,by phrase (agentive)
36,S09,53,asked,0,by phrase (locative)
36,S15,53,asked,4,temporal prep
36,S13,53,asked,4,by phrase (locative)
36,S12,53,asked,4,locative prep
36,S16,53,asked,4,locative prep
36,S01,53,asked,0,by phrase (locative)
36,S18,53,asked,2,by phrase (agentive)
36,S17,53,asked,3,by phrase (locative)
36,S04,53,asked,3,locative prep
36,S19,53,asked,4,temporal prep
36,S02,53,asked,3,by phrase (agentive)
36,S05,53,asked,4,by phrase (locative)
37,S07,44,soldier,1,by phrase (locative)
37,S11,44,soldier,2,by phrase (locative)
37,S03,44,soldier,2,by phrase (locative)
37,S17,44,soldier,1,temporal prep
37,S19,44,soldier,3,by phrase (locative)
37,S16,44,soldier,1,by phrase (agentive)
37,S08,44,soldier,3,by phrase (agentive)
37,S04,44,soldier,2,by phrase (agentive)
37,S01,44,soldier,4,temporal prep
37,S05,44,soldier,2,temporal prep
37,S10,44,soldier,1,locative prep
37,S18,44,soldier,1,locative prep
37,S06,44,soldier,1,locative prep
37,S14,44,soldier,3,locative prep
37,S15,44,soldier,1,by phrase (locative)
37,S20,44,soldier,1,by phrase (agentive)
37,S13,44,soldier,1,temporal prep
37,S09,44,soldier,2,temporal prep
37,S02,44,soldier,4,locative prep
37,S12,44,soldier,1,by phrase (agentive)
38,S17,18,plausible,1,temporal prep
38,S05,18,plausible,4,temporal prep
38,S13,18,plausible,2,temporal prep
38,S20,18,plausible,2,by phrase (agentive)
38,S08,18,plausible,1,by phrase (agentive)
38,S12,18,plausible,4,by phrase (agentive)
38,S06,18,plausible,1,locative prep
38,S11,18,plausible,0,by phrase (locative)
38,S14,18,plausible,4,locative prep
38,S10,18,plausible,4,locative prep
38,S04,18,plausible,3,by phrase (agentive)
38,S07,18,plausible,0,by phrase (locative)
38,S15,18,plausible,0,by phrase (locative)
38,S02,18,plausible,1,locative prep
38,S09,18,plausible,4,temporal prep
38,S01,18,plausible,1,temporal prep
38,S19,18,plausible,1,by phrase (locative)
38,S16,18,plausible,3,by phrase (agentive)
38,S18,18,plausible,3,locative prep
38,S03,18,plausible,0,by phrase (locative)
39,S03,27,less or more,4,locative prep
39,S04,27,less or more,1,by phrase (locative)
39,S01,27,less or more,4,by phrase (agentive)
39,S06,27,less or more,1,temporal prep
39,S07,27,less or more,4,locative prep
39,S05,27,less or more,4,by phrase (agentive)
39,S11,27,less or more,4,locative prep
39,S14,27,less or more,3,temporal prep
39,S08,27,less or more,1,by phrase (locative)
39,S12,27,less or more,1,by phrase (locative)
39,S10,27,less or more,4,temporal prep
39,S02,27,less or more,1,temporal prep
39,S18,27,less or more,4,temporal prep
39,S16,27,less or more,1,by phrase (locative)
39,S19,27,less or more,4,locative prep
39,S17,27,less or more,4,by phrase (agentive)
39,S13,27,less or more,4,by phrase (agentive)
39,S20,27,less or more,4,by phrase (locative)
39,S09,27,less or more,4,by phrase (agentive)
39,S15,27,less or more,4,locative prep
40,S16,27,pushed,4,locative prep
40,S10,27,pushed,1,by phrase (agentive)
40,S17,27,pushed,1,by phrase (locative)
40,S03,27,pushed,4,temporal prep
40,S02,27,pushed,2,by phrase (agentive)
40,S01,27,pushed,1,by phrase (locative)
40,S19,27,pushed,4,temporal prep
40,S12,27,pushed,1,locative prep
40,S13,27,pushed,1,by phrase (locative)
40,S18,27,pushed,4,by phrase (agentive)
40,S05,27,pushed,2,by phrase (locative)
40,S14,27,pushed,3,by phrase (agentive)
40,S20,27,pushed,4,locative prep
40,S09,27,pushed,1,by phrase (locative)
40,S08,27,pushed,3,locative prep
40,S04,27,pushed,1,locative prep
40,S07,27,pushed,3,temporal prep
40,S11,27,pushed,1,temporal prep
40,S15,27,pushed,3,temporal prep
40,S06,27,pushed,1,by phrase (agentive)